https://ca.indeed.com/viewjob?jk=713cb733f9d53f86&q=software+engineer&l=Toronto%2C+ON&tk=1dthujl3p0gd2000&from=web&vjs=3,instacart,toronto_on,ruby on rails,python,react,angular,ember,backbone
https://www.indeed.com/viewjob?jk=463af043addc2ee8&tk=1dti37t4p5315800&from=serp&vjs=3&advn=5072452127712356&adid=321013665&sjdu=Sq4qIs5qLUBXo9al9ER02GodFPIWUmxUEGKRR4GWGrO-_GWGYyF65e9heVbGiQD_19QB0stklqp1PT960WVq75tcooPGEcRIfOtmg5c9-rt6Auq5mMUTqQIlTBegKyLJs93MNfQboaRtopKahCHhZqCaTBZvnn5AFkyMh3lPrBXxOwqMvF3dMftJqt5aK6dxaevqMV-EKtW6DwzAVa1Siw,apple,seattle_wa,scala,go,python,java,c++
https://www.indeed.com/viewjob?jk=0675ca3ae7bd198a&tk=1dti37kle0noo000&from=serp&vjs=3,microsoft,seattle_wa,c#,java,typescript,javascript
https://www.indeed.com/viewjob?jk=beb40daa6d2cb4e0&tk=1dti3adq933ee000&from=serp&vjs=3&advn=2668704198920249&adid=254273642&sjdu=i6xVERweJM_pVUvgf-Mzud6v7vx4W2vba62rTobId371VoUpoCeny0B_1rYskO-b,clean_power_research,seattle_wa,c#,asp.net,sql,cloud
https://www.mathworks.com/company/jobs/opportunities/9547-software-engineer?country[]=US&keywords=software%20engineer,mathworks,c++,javascript,llvm,jit,qt,software_architecture,compilers
https://www.mathworks.com/company/jobs/opportunities/21851-iot-software-engineer?country[]=US&keywords=software%20engineer,mathworks,rest,sql,docker,ajax,javascript,html,css,sdlc,ruby_on_rails,nodejs,grails,aws
https://www.mathworks.com/company/jobs/opportunities/21331-senior-software-engineer?country[]=US&keywords=software%20engineer,mathworks,java,javascript,scrum,react,spring,mssqlserver,rest,solr,lucene,elasticsearch,rabbitmq
https://www.noom.com/careers/job/1672730,noom,django,react,mysql,postgresql
https://www.indeed.com/viewjob?jk=aff71f24346ec30d&q=software+engineer&l=San+Francisco%2C+CA&tk=1dtq050cep18n800&from=web&vjs=3,chronicled,erlang,typescript,java,javascript,rust,golang,scala,clojure,c++,rabbitmq,kafka,mysql,postgresql,mongodb,solr,elasticsearch,cassandra,git,github,gitflow
https://www.indeed.com/viewjob?jk=54af32ff2630ccbc&q=software+engineer&l=San+Francisco%2C+CA&tk=1dtq050cep18n800&from=web&vjs=3,go,javascript,nodejs,python,java,c++,react
https://www.indeed.com/viewjob?jk=468771b740402073&q=software+engineer&l=San+Francisco%2C+CA&tk=1dtq050cep18n800&from=web&vjs=3,react,css,react,graphql,jest,enzyme,typescript,javascript
https://www.indeed.com/viewjob?jk=dd57032c23cb51a7&q=software+engineer&l=San+Francisco%2C+CA&tk=1dtq050cep18n800&from=web&vjs=3,ec2,aurora,s3,elasticache,route53,ruby_on_rails
https://www.indeed.com/viewjob?cmp=Spartan-Software%2C-Inc.&t=Software+Engineer&jk=92735c282833d17e&sjdu=QwrRXKrqZ3CNX5W-O9jEvRFd8FQI4DEv5V74lSpSnHZ40rZF3bX4pHmOUG3smATsbhWz979Pn6mFw2VtPmZkxw&tk=1dtq06g1bp18n800&adid=302783476&pub=4a1b367933fd867b19b072952f68dceb&vjs=3,spartan,java,javascript,github,mysql,linuxx
https://www.indeed.com/viewjob?cmp=Finicast%2C-Inc.&t=Full+Stack+Javascript+Developer&jk=0e98204a8915ebf2&sjdu=QwrRXKrqZ3CNX5W-O9jEvRQls7y2xdBHzhqWkvhd5FF7e-_oS5tO6AFfE__I76TuYkMVJ3O4k9gF4C7ba8mjbs2_EzT67s-dAlhD56khdNA&tk=1dtq06g1bp18n800&adid=327828723&pub=4a1b367933fd867b19b072952f68dceb&vjs=3,finicast,javascript,nodejs,react,redux,mongodb,postgres,aws,git,linux,c,c++
https://www.indeed.com/viewjob?jk=b3949c52d50f1083&tk=1dtq06g1bp18n800&from=serp&vjs=3,stride_health,expressjs,node,python,swift,postgres,akka,typescript,aws,gcp,azure,postgres,typescript,redis,html5,css3,terraform,docker,kubernetes